slot_id,day,start_time,end_time
T001,Monday,08:00,08:30
T002,Monday,08:30,09:00
T003,Monday,09:00,09:30
T004,Monday,09:30,10:00
T005,Monday,10:00,10:30
T006,Monday,10:30,11:00
T007,Monday,11:00,11:30
T008,Monday,11:30,12:00
T009,Monday,12:00,12:30
T010,Monday,12:30,13:00
T011,Monday,13:00,13:30
T012,Monday,13:30,14:00
T013,Monday,14:00,14:30
T014,Monday,14:30,15:00
T015,Monday,15:00,15:30
T016,Monday,15:30,16:00
T017,Monday,16:00,16:30
T018,Monday,16:30,17:00
T019,Tuesday,08:00,08:30
T020,Tuesday,08:30,09:00
T021,Tuesday,09:00,09:30
T022,Tuesday,09:30,10:00
T023,Tuesday,10:00,10:30
T024,Tuesday,10:30,11:00
T025,Tuesday,11:00,11:30
T026,Tuesday,11:30,12:00
T027,Tuesday,12:00,12:30
T028,Tuesday,12:30,13:00
T029,Tuesday,13:00,13:30
T030,Tuesday,13:30,14:00
T031,Tuesday,14:00,14:30
T032,Tuesday,14:30,15:00
T033,Tuesday,15:00,15:30
T034,Tuesday,15:30,16:00
T035,Tuesday,16:00,16:30
T036,Tuesday,16:30,17:00
T037,Wednesday,08:00,08:30
T038,Wednesday,08:30,09:00
T039,Wednesday,09:00,09:30
T040,Wednesday,09:30,10:00
T041,Wednesday,10:00,10:30
T042,Wednesday,10:30,11:00
T043,Wednesday,11:00,11:30
T044,Wednesday,11:30,12:00
T045,Wednesday,12:00,12:30
T046,Wednesday,12:30,13:00
T047,Wednesday,13:00,13:30
T048,Wednesday,13:30,14:00
T049,Wednesday,14:00,14:30
T050,Wednesday,14:30,15:00
T051,Wednesday,15:00,15:30
T052,Wednesday,15:30,16:00
T053,Wednesday,16:00,16:30
T054,Wednesday,16:30,17:00
T055,Thursday,08:00,08:30
T056,Thursday,08:30,09:00
T057,Thursday,09:00,09:30
T058,Thursday,09:30,10:00
T059,Thursday,10:00,10:30
T060,Thursday,10:30,11:00
T061,Thursday,11:00,11:30
T062,Thursday,11:30,12:00
T063,Thursday,12:00,12:30
T064,Thursday,12:30,13:00
T065,Thursday,13:00,13:30
T066,Thursday,13:30,14:00
T067,Thursday,14:00,14:30
T068,Thursday,14:30,15:00
T069,Thursday,15:00,15:30
T070,Thursday,15:30,16:00
T071,Thursday,16:00,16:30
T072,Thursday,16:30,17:00
T073,Friday,08:00,08:30
T074,Friday,08:30,09:00
T075,Friday,09:00,09:30
T076,Friday,09:30,10:00
T077,Friday,10:00,10:30
T078,Friday,10:30,11:00
T079,Friday,11:00,11:30
T080,Friday,11:30,12:00
T081,Friday,12:00,12:30
T082,Friday,12:30,13:00
T083,Friday,13:00,13:30
T084,Friday,13:30,14:00
T085,Friday,14:00,14:30
T086,Friday,14:30,15:00
T087,Friday,15:00,15:30
T088,Friday,15:30,16:00
T089,Friday,16:00,16:30
T090,Friday,16:30,17:00
